Designer,Color,Description,Size,Price,Opening_Stock,Type,Category
Chrome Hearth,,Black with hand,,0,1,BAGS,Accessories
Modemen,,black purse,,0,1,BAGS,Accessories
Versace,,Brown bag,,0,1,BAGS,Accessories
KENZO,,black with green logo,,0,1,BAGS,Accessories
Phillip Plein,,Black with stones,,0,1,BAGS,Accessories
Thom browne,,Black purse with TB logo clip,,0,1,BAGS,Accessories
Thom browne,,Black purse with TB logo in d middle,,0,1,BAGS,Accessories
Thom browne,,Black purse with red bat logo,,0,1,BAGS,Accessories
Prada,,Brown with hand,,0,1,BAGS,Accessories
Prada,,Black purse with off-white logo,,0,1,BAGS,Accessories
Balenciaga,,Back bag,,0,1,BAGS,Accessories
Mullberry,,Brown cross bag,,0,1,BAGS,Accessories
Roberto Carvalli,,Gold round head,,300,1,BELTS,Accessories
Calvin Klein,,Black belt,,80,1,BELTS,Accessories
G-Star Raw,,Blk belt,,120,2,BELTS,Accessories
Galliano,,Silver love shaped logo,,150,1,BELTS,Accessories
Off-White,,Blk belt,,250,1,BELTS,Accessories
Calvin Klein,,Blk Belt,,80,1,BELTS,Accessories
Diesel,,Lost in focus,,120,1,BELTS,Accessories
Fendi,,Blk belt,,320,1,BELTS,Accessories
Timberland,,Blk belt,,120,1,BELTS,Accessories
Calvin Klein,,Brown with Ck on leather,,70,1,BELTS,Accessories
Bottega Vaneta,,Brown belt/round silver head,,350,1,BELTS,Accessories
Coach,,Blk belt,,150,1,BELTS,Accessories
Paul Smith,,Blk jean belt,,100,1,BELTS,Accessories
Diesel only,,Brown belt,,120,1,BELTS,Accessories
Timberland,,Brown belt,,120,1,BELTS,Accessories
D&G,,CowHead Blk belt,,350,1,BELTS,Accessories
MCM,,Blue belt With Sq silver head,,220,1,BELTS,Accessories
Louboutin,,Blc/Red Belt,,400,1,BELTS,Accessories
Eagle Star,,Blk Belt,,100,1,BELTS,Accessories
Bottega Vaneta,,,,650,1,BELTS,Accessories
Versace,,Crystal crown,,375,1,BELTS,Accessories
Hugo Boss,,Brown belt,,100,1,BELTS,Accessories
Ralph Lauren,,Blk belt,,100,1,BELTS,Accessories
Tommy Hillfiger,,,,80,1,BELTS,Accessories
Micheal Kors,,Double Sided belt,,80,1,BELTS,Accessories
Coach,,Grey belt/Black head,,150,1,BELTS,Accessories
Love Moschino,,Gold head,,250,1,BELTS,Accessories
Ralph Lauren,,Blk belt,,80,1,BELTS,Accessories
Just Cavali,,Blk Belt,,180,1,BELTS,Accessories
Just Cavali,,Gold round head,,200,1,BELTS,Accessories
CK,,Eagle Belt,,80,1,BELTS,Accessories
CH-copy,,head Belt,,80,1,BELTS,Accessories
Steffano Richie,,,,2500,1,BELTS,Accessories
Thom Browne,Black,Thome browne blazer,,1800,2,BLAZERS,Men's Fashion
Billionaire,Blue,blazer,,800,1,BLAZERS,Men's Fashion
Givenchy,Black,blazer,,400,1,BLAZERS,Men's Fashion
Berluti,Grey,blazer,,1800,1,BLAZERS,Men's Fashion
D&G,Black,D&g logo in circle,,160,1,CAPS,Accessories
Calvin,Grey,Grey calvin,,30,1,CAPS,Accessories
Dsquared2,Blue,Icon in yellow,,150,1,CAPS,Accessories
Dsquared2,Blue,DSQUARED round,,150,1,CAPS,Accessories
Dsquared2,Red,DSQUARED round,,150,1,CAPS,Accessories
Dsquared2,Blue,Route 64 D2 Sunshine,,160,1,CAPS,Accessories
Dsquared2,Blue,Brotherhood,,125,1,CAPS,Accessories
Dsquared2,Red,Big Dsq desc. in a box,,125,1,CAPS,Accessories
Steffano ricci,Royal Blue,eagle,,275,2,CAPS,Accessories
Iron & Resin,Black,Anchor logo,,60,1,CAPS,Accessories
Amiri 3star,Black,3stars,,350,1,CAPS,Accessories
Balenciaga,black,BB logo in front,,150,1,CAPS,Accessories
Valentino,Camo,VLTN,,160,1,CAPS,Accessories
Palm Angels,Black,Palm angels city,,180,1,CAPS,Accessories
Balenciaga Paris,Black,pons,,260,1,CAPS,Accessories
Amiri,Black,Rabbit ear design,,220,1,CAPS,Accessories
D&G,Black,D&g logo in box,,260,1,CAPS,Accessories
Steffano ricci,Black,Stud eagle eye,,350,1,CAPS,Accessories
Steffano ricci,Blue,Stud eagle eye,,350,1,CAPS,Accessories
Fendi,Blue,Bold Fendi logo in white,,240,1,CAPS,Accessories
Billionaire,Blue,Billionaire logo in front,,225,1,CAPS,Accessories
Converse All Star,Blue,Shoe design,,50,1,CAPS,Accessories
Lacoste,Cream,Lacoste logo in front,,50,1,CAPS,Accessories
Lacoste,Black,Lacoste logo in front,,50,1,CAPS,Accessories
Steffano ricci,Cream,eagle,,325,1,CAPS,Accessories
Balmain,Red,Balmain in black box,,0,1,CAPS,Accessories
Lacoste,camo,camo cap,,40,1,CAPS,Accessories
Lacoste,Khaki,Khaki cap,,50,1,CAPS,Accessories
Stetson,black,Sunset cap,,25,1,CAPS,Accessories
stetson,black,car design,,25,1,CAPS,Accessories
Karl,red,karl logo cap,,90,1,CAPS,Accessories
Moncler,grey,MC Tonal logo cap,,199,1,CAPS,Accessories
Moncler,black,double logo cotton,,220,1,CAPS,Accessories
Moncler,blue,double logo cotton,,220,1,CAPS,Accessories
Moncler,Brown,Wing design,,170,1,CAPS,Accessories
Billionaire,Grey,Crest Pocket,46,350,1,JEANS,Men's Fashion
Billionaire,Blue,Trouser/jean,38,300,1,JEANS,Men's Fashion
Billionaire,Blk/Grey,Crest pockt,32,300,1,JEANS,Men's Fashion
Billionaire,Black,Snake skin,42,350,1,JEANS,Men's Fashion
Billionaire,Grey,BD logo,38,350,1,JEANS,Men's Fashion
Billionaire,Navy Blue,Fox,34,350,1,JEANS,Men's Fashion
Steffano Ricci,Blue,,40,450,1,JEANS,Men's Fashion
Steffano Ricci,Blue,Eagle,42,400,1,JEANS,Men's Fashion
Steffano Ricci,Black,Eagle,40,400,1,JEANS,Men's Fashion
Steffano Ricci,Black,Eagle,35,350,1,JEANS,Men's Fashion
Steffano Ricci,Skyblue,Strip,42,350,1,JEANS,Men's Fashion
Chrome Hearts,Black,Plain,35,495,1,JEANS,Men's Fashion
Chrome Hearts,Black,Plain,35,495,1,JEANS,Men's Fashion
Chrome Hearts,Blue,Chinos,36,350,1,JEANS,Men's Fashion
D&G,Navy Blue,Crest pocket,38,350,1,JEANS,Men's Fashion
D&G,Blk/grey,Crest pocket,38,425,1,JEANS,Men's Fashion
D&G,Blk/grey,DG Pocket,33,375,1,JEANS,Men's Fashion
Prada,Skyeblue,Plain,40,350,1,JEANS,Men's Fashion
Prada,Black,Plain,40,250,1,JEANS,Men's Fashion
Prada,Blck,Plain,36,350,1,JEANS,Men's Fashion
Jacob Cohen,Blk/Grey,,33,550,1,JEANS,Men's Fashion
Jacob Cohen,Skyblue,,32,450,1,JEANS,Men's Fashion
Jacob Cohen,Navy Blue,,31,450,1,JEANS,Men's Fashion
AG,Navy Blue,Leather,42,450,1,JEANS,Men's Fashion
AG,Grey/blk,Leather,38,450,1,JEANS,Men's Fashion
AG,Black,Leather patches,36,350,1,JEANS,Men's Fashion
Brioni,Blk/Grey,B Jeans,38,450,1,JEANS,Men's Fashion
Louis Vuiton,blk,Fragile,36,450,1,JEANS,Men's Fashion
Louis Vuiton,,Pocket Embroidery,33,380,1,JEANS,Men's Fashion
Valentino,Blk/shids,,38,295,1,JEANS,Men's Fashion
Valentino,Navy Blue,,38,250,1,JEANS,Men's Fashion
Loewe,Navy Blue,simple,40,350,1,JEANS,Men's Fashion
Loewe,Royal blue,,35,350,1,JEANS,Men's Fashion
Dior,Blk/oiled Shine,,34,450,1,JEANS,Men's Fashion
Zegna,Black/Navy,,36,450,1,JEANS,Men's Fashion
Fendi,Grey,monster pocket,34,350,1,JEANS,Men's Fashion
Jmanglani,Royal blue,,36,425,1,JEANS,Men's Fashion
Versace,Blk,Crested pocket,32,350,1,JEANS,Men's Fashion
Givenchy,Blk,distressed,36,295,1,JEANS,Men's Fashion
Burberry,Blue Navy,Plain,36,320,1,JEANS,Men's Fashion
McQueen,Blk,Plain,38,425,1,JEANS,Men's Fashion
Gucci,Blk,turn up GG,34,325,1,JEANS,Men's Fashion
Kenzo,Royal blue,tiger,33,180,1,JEANS,Men's Fashion
Moncler,grey,logo pocket,34,320,1,JEANS,Men's Fashion
Diesel,Royal blue,,36,295,1,JEANS,Men's Fashion
Diesel,Jet Black,,36,295,1,JEANS,Men's Fashion
Armani Jeans,blue,GA,40,120,1,JEANS,Men's Fashion
Roberto Cavalli,Blk,Class,38,220,1,JEANS,Men's Fashion
Roberto Cavalli,Blk,Gold,38,220,1,JEANS,Men's Fashion
YSL,Navy Blue,zips,34,375,1,JEANS,Men's Fashion
YSL,Navy Blue,zips,34,375,1,JEANS,Men's Fashion
Zilli,Navy Blue,Lion pocket,40,400,1,JEANS,Men's Fashion
Zilli,Navy Blue,Lion pocket,33,400,1,JEANS,Men's Fashion
Zilli,Sky Blue,Z pocket,40,350,1,JEANS,Men's Fashion
Zilli,Sky Blue,Z pocket,36,350,1,JEANS,Men's Fashion
D&g,Black,D&G Combats joggers,M,450,1,JOGGERS,Men's Fashion
Neil Berret,Black,blackBasketball Joggers,L,360,1,JOGGERS,Men's Fashion
Moncler,Black,Moncler with stripes on the sides,L,280,1,JOGGERS,Men's Fashion
loewe,Black,Plain joggers with logo,L,350,1,JOGGERS,Men's Fashion
Fendi,Black,Yes Fendi design,m,320,1,JOGGERS,Men's Fashion
Moncler,Grey,Plain with red white blak stripe at the waist,xl,350,2,JOGGERS,Men's Fashion
Moncler,Grey,Long plain Jogers with side and back pocket,L,280,1,JOGGERS,Men's Fashion
Palm Angels,Blue,Blue plain joggers,L,350,1,JOGGERS,Men's Fashion
Gucci,Blue,Plain with red & black stripe at the sides,XL,400,1,JOGGERS,Men's Fashion
Ami,Grey,heart A joggers,,220,1,JOGGERS,Men's Fashion
Aqcua di Parma,,Note Di Colonia,,500,1,PERFUMES,Grooming & Fragrance
Boadecia,,Boadecia king,,400,2,PERFUMES,Grooming & Fragrance
Boadecia,,Boadecia hero,,450,1,PERFUMES,Grooming & Fragrance
Boadicea,,Boadicea Adventures,,450,1,PERFUMES,Grooming & Fragrance
Christain Dior,,Oud Ispahan,,600,1,PERFUMES,Grooming & Fragrance
Iberian leather,,Memo,,250,0,PERFUMES,Grooming & Fragrance
Argentina Memo,,,,250,1,PERFUMES,Grooming & Fragrance
Madurai MEMO,,,,225,1,PERFUMES,Grooming & Fragrance
ROJA,,Elysium ROJA,,275,1,PERFUMES,Grooming & Fragrance
Acqua celestia,,,,225,1,PERFUMES,Grooming & Fragrance
Bond No.9 musk,,,,380,1,PERFUMES,Grooming & Fragrance
Rosend,,No.2,,220,1,PERFUMES,Grooming & Fragrance
Rosendo,,No. 3,,0,0,PERFUMES,Grooming & Fragrance
Rosendo,,No. 4,,220,1,PERFUMES,Grooming & Fragrance
Rosendo,,No. 5,,250,1,PERFUMES,Grooming & Fragrance
Rosendo,,No. 6,,0,0,PERFUMES,Grooming & Fragrance
Rosendo,,No. 7,,220,2,PERFUMES,Grooming & Fragrance
Creed,,Viking Cologne,,275,1,PERFUMES,Grooming & Fragrance
Creed,,Himalayan,,325,1,PERFUMES,Grooming & Fragrance
Creed,,Centaurus,,350,2,PERFUMES,Grooming & Fragrance
BYREDO,,Black Saffron,,250,1,PERFUMES,Grooming & Fragrance
Histoires,,de perfume,,200,1,PERFUMES,Grooming & Fragrance
Falcon leather,,Matiere Premiere,,350,1,PERFUMES,Grooming & Fragrance
500 years,,Etat libre o'Range,,225,1,PERFUMES,Grooming & Fragrance
VISA robert piguet,,,,220,1,PERFUMES,Grooming & Fragrance
Van clef & arpels,,Moonlight Patchouli,,220,1,PERFUMES,Grooming & Fragrance
Tom Ford,,Black Orchid,,160,1,PERFUMES,Grooming & Fragrance
TOM FORD,,neroli portofino,,300,1,PERFUMES,Grooming & Fragrance
Missioni edp,,Parfum pour homme,,120,1,PERFUMES,Grooming & Fragrance
montale Paris,,Aoud Night,,150,1,PERFUMES,Grooming & Fragrance
Ralph Lauren,,Ralph's CLUB,,125,1,PERFUMES,Grooming & Fragrance
AMBER,,Stronger with you,,180,1,PERFUMES,Grooming & Fragrance
Boss,,Bottled Elixer,,125,1,PERFUMES,Grooming & Fragrance
Bad boy,,Carolina Herrera,,110,1,PERFUMES,Grooming & Fragrance
Banana Republic,,Tobacco & Tonka Bean,,60,1,PERFUMES,Grooming & Fragrance
Banana Republic,,Oud mosaic,,60,1,PERFUMES,Grooming & Fragrance
FLORIS,,Mahon leather,,150,1,PERFUMES,Grooming & Fragrance
TED baker,,Skinwear,,40,1,PERFUMES,Grooming & Fragrance
YSL,,L'Elixir,,160,1,PERFUMES,Grooming & Fragrance
Tkosmala,,Super Amber,,250,1,PERFUMES,Grooming & Fragrance
Tkosmala,,No4 Sport,,200,1,PERFUMES,Grooming & Fragrance
Thomas Kosmala 12,,,,200,0,PERFUMES,Grooming & Fragrance
Celine Paris,,,,350,1,PERFUMES,Grooming & Fragrance
Cuir InfraRouge,,,,250,1,PERFUMES,Grooming & Fragrance
Milano Fragrance,,BRERA,,200,1,PERFUMES,Grooming & Fragrance
Milano Fragrance,,La Prima,,200,1,PERFUMES,Grooming & Fragrance
Sapphire collections,,WIDIAN,,325,1,PERFUMES,Grooming & Fragrance
off-white no. 1 Paper work,,,,220,2,PERFUMES,Grooming & Fragrance
Montblac,,Black Meisterstuck,,125,1,PERFUMES,Grooming & Fragrance
Carolina Herrera,,Mystery Tobacco,,320,1,PERFUMES,Grooming & Fragrance
Nishane,,Hundred silent ways X,,300,1,PERFUMES,Grooming & Fragrance
Nishane,,Hacivat X,,300,1,PERFUMES,Grooming & Fragrance
Acqua Di PARMA,,Oud & Spice,,350,1,PERFUMES,Grooming & Fragrance
SUPERFLUIDE,,Saffron,,350,1,PERFUMES,Grooming & Fragrance
SUPERFLUIDE,,Rosewood,,350,1,PERFUMES,Grooming & Fragrance
Hugo Boss,,,,150,0,PERFUMES,Grooming & Fragrance
Mancera,,Cedrat Boise,,120,1,PERFUMES,Grooming & Fragrance
Tiziana Terenzi,,Kirke,,250,2,PERFUMES,Grooming & Fragrance
POLO ralph lauren 67,,Ralph lauren EDT,,125,1,PERFUMES,Grooming & Fragrance
FERRAGAMO,,Red leather,,110,1,PERFUMES,Grooming & Fragrance
FERRAGAMO,,Intense leather,,150,1,PERFUMES,Grooming & Fragrance
VERSACE,,Eros energy,,150,1,PERFUMES,Grooming & Fragrance
JPG Jean Paul Gaultier,,Scandal,,110,1,PERFUMES,Grooming & Fragrance
1Million Rabbane,,Golden Oud,,160,2,PERFUMES,Grooming & Fragrance
1Million Paco rabanne,,Royal,,120,1,PERFUMES,Grooming & Fragrance
Valentino,,Born in Roma,,120,1,PERFUMES,Grooming & Fragrance
Bioni,,Eclat,,150,2,PERFUMES,Grooming & Fragrance
Bioni,,Intense,,160,1,PERFUMES,Grooming & Fragrance
The Machant of Venice,,Byzantium Saffron,,225,1,PERFUMES,Grooming & Fragrance
The Machant of Venice,,Ottoman Amber,,225,1,PERFUMES,Grooming & Fragrance
Gucci,,Guity,,150,1,PERFUMES,Grooming & Fragrance
Casamorati,,,,250,1,PERFUMES,Grooming & Fragrance
H24,,hermes,,150,1,PERFUMES,Grooming & Fragrance
Dolce & Gabbana Light blue,,,,150,1,PERFUMES,Grooming & Fragrance
Kenzo,,L'EAU 2,,80,1,PERFUMES,Grooming & Fragrance
Prada,,louna risa sport,,160,1,PERFUMES,Grooming & Fragrance
Dior,,Sauvage Elixr,,250,2,PERFUMES,Grooming & Fragrance
Dior,,Sauvage perfum,,225,1,PERFUMES,Grooming & Fragrance
Calvin Klein,,Summer Daze,,60,1,PERFUMES,Grooming & Fragrance
Clive Christian,,,,600,1,PERFUMES,Grooming & Fragrance
Maybach,,Big aviators,,950,1,SUNGLASSES,Accessories
Maybach,,Golg Squared,,900,1,SUNGLASSES,Accessories
Maybach,,Gold Oval,,850,1,SUNGLASSES,Accessories
Maybach,,Silver aviators,,850,1,SUNGLASSES,Accessories
Maybach,,Gold Hexagon,,900,1,SUNGLASSES,Accessories
Maybach,,Silver/blk Aviators,,800,1,SUNGLASSES,Accessories
Maybach,,Small Sq Blk/Gold,,950,1,SUNGLASSES,Accessories
Dita,,Condor Malte Gold,,550,1,SUNGLASSES,Accessories
Dita,,Lancler BLK,,450,1,SUNGLASSES,Accessories
Dita,,Grandmaster 2,,600,1,SUNGLASSES,Accessories
JMM,,Big Aviators,,0,1,SUNGLASSES,Accessories
JMM,,Blk Sq/Blue lens,,0,1,SUNGLASSES,Accessories
JMM,,Brown Wayfarer,,0,1,SUNGLASSES,Accessories
JMM,,Blk Sq/Red lens,,0,1,SUNGLASSES,Accessories
Dita,Ambassador,,,600,1,SUNGLASSES,Accessories
Dita,Decade two,,,650,1,SUNGLASSES,Accessories
Dita,match six,,,550,1,SUNGLASSES,Accessories
Marome hearth,Aviators,,,650,1,SUNGLASSES,Accessories
Chrome Hearts,Small Sq,,,650,1,SUNGLASSES,Accessories
Balmain,,by Akone Sq,,750,1,SUNGLASSES,Accessories
Balmain,Blk/silver Sq,,,550,1,SUNGLASSES,Accessories
Balmain,Blk Big Sq,,,600,1,SUNGLASSES,Accessories
DYNE,onepice Aviators,,,350,1,SUNGLASSES,Accessories
Bottega Veneta,aviators,,,550,1,SUNGLASSES,Accessories
Dior,Blk WayFarer CD,,,450,1,SUNGLASSES,Accessories
Balmain,Aviators,,,450,1,SUNGLASSES,Accessories
Dior,Aviators CD Lens,,,650,1,SUNGLASSES,Accessories
Dior,Brown/Blk Diamond,,,650,1,SUNGLASSES,Accessories
Dior,light Silver Aviators,,,450,1,SUNGLASSES,Accessories
Dior,Gold 'TF' Aviators,,,350,1,SUNGLASSES,Accessories
Dior,Gold half Rem Aviators,,,450,1,SUNGLASSES,Accessories
Dsquared,Gold Aviators,,,350,1,SUNGLASSES,Accessories
LF/KVAsche,Brom/Gold,,,450,1,SUNGLASSES,Accessories
LF/KVAsche,Round Gold,,,450,1,SUNGLASSES,Accessories
Phillipp Pleen,perfect aviators,,,375,1,SUNGLASSES,Accessories
Fendi,Grey/Silver Aviators,,,350,1,SUNGLASSES,Accessories
Fendi,Brown/Shell Aviators,,,450,1,SUNGLASSES,Accessories
Gucci,Gold Bamboo Aviators,,,1000,1,SUNGLASSES,Accessories
Gucci,Blk/Brown double,,,475,1,SUNGLASSES,Accessories
Gucci,Gold Sq/Rubber nose,,,275,1,SUNGLASSES,Accessories
Gucci,Brown Sq Dapper Dan,,,450,1,SUNGLASSES,Accessories
Gucci,Brown turtle shell,,,350,1,SUNGLASSES,Accessories
LV,wayfarers  Blk,,,390,1,SUNGLASSES,Accessories
Maybach,Blk Aviators,,,850,1,SUNGLASSES,Accessories
Cenitti 1881,Oval turtle,,,150,1,SUNGLASSES,Accessories
Prada,Gold Sq/hand,,,350,1,SUNGLASSES,Accessories
Prada,Blk Sq / Big hands,,,380,1,SUNGLASSES,Accessories
Dita,White&Gold,Sq Matchone,,550,1,SUNGLASSES,Accessories
Cartier,Black,Aviators,,600,1,SUNGLASSES,Accessories
Bvlgari,Gold,Aviators/Brown,,450,1,SUNGLASSES,Accessories
CD,Blue,Tiny hand oval,,320,1,SUNGLASSES,Accessories
Celine,Black,Wayfarers,,310,1,SUNGLASSES,Accessories
Montblanc,Black,Black Oval light frame,,320,1,SUNGLASSES,Accessories
Dior,Brown,Wayfarers,,550,1,SUNGLASSES,Accessories
Dior,Black,Wayfarers,,550,1,SUNGLASSES,Accessories
Dior,Black,Slim Explorer,,450,1,SUNGLASSES,Accessories
Fendi,Black,Whale hand,,220,1,SUNGLASSES,Accessories
Gucci,Gold,Aviators/yellow hands,,240,1,SUNGLASSES,Accessories
Gucci,Black,Aviators/Gold Studs,,350,1,SUNGLASSES,Accessories
Gucci,Silver,Bee Hands,,220,1,SUNGLASSES,Accessories
Gucci,Gold,Aviators/Pilot,,280,1,SUNGLASSES,Accessories
Gucci,Grey,Square Aviator,,295,1,SUNGLASSES,Accessories
Gucci,,Aviators/Pilot/Brownbar,,280,1,SUNGLASSES,Accessories
Gucci,,Clubmasters/brown lens,,260,2,SUNGLASSES,Accessories
Gucci,Gold,Aviators/yellow hands,,240,1,SUNGLASSES,Accessories
LV,Silver,Hexagon,,560,1,SUNGLASSES,Accessories
Lv,Black&Gold,Rectangle,,550,1,SUNGLASSES,Accessories
Montblanc,Black&Gold,Rectangle,,320,1,SUNGLASSES,Accessories
MiuMui,Brown,Brown rectangular shape,,280,1,SUNGLASSES,Accessories
Alex Wang,Black/Gold,Pentagon,,220,1,SUNGLASSES,Accessories
Jaques marie,Black/Grey,Blk&grey rectangular,,750,1,SUNGLASSES,Accessories
Prada,Brown,Brown rectangular,,350,1,SUNGLASSES,Accessories
Maybach,Silver,Remless,,0,650,FRAMES,Accessories
Maybach,Silver /Broom hands,,,0,650,FRAMES,Accessories
Balmain,Blk/Brown,Sq,,0,450,FRAMES,Accessories
Balmain,Blk,Sq,,0,450,FRAMES,Accessories
Gucci,Blk Sq diesel color hand,,,0,260,FRAMES,Accessories
Gucci,Blk /Brown,,,0,280,FRAMES,Accessories
Gucci,Blk Sq GG logo,,,0,260,FRAMES,Accessories
Burberry,Blk/ Sq Oval 'TB',,,0,260,FRAMES,Accessories
Burberry,Blk / Green hands,,,0,260,FRAMES,Accessories
Burberry,Blk,,,0,250,FRAMES,Accessories
Dior,DoramaZ Sq,,,0,350,FRAMES,Accessories
Dolce & Gabbana/persol,Blk,Sq,,0,280,FRAMES,Accessories
Zegna,Oval/gold,,,0,250,FRAMES,Accessories
Marc Jacobs,Large Sq clear,,,0,250,FRAMES,Accessories
David Beckham,Blk,Sq,,0,180,FRAMES,Accessories
Hugo Boss,Sq/ Gold,,,0,250,FRAMES,Accessories
Hugo Boss,Sq/Green hands,,,0,250,FRAMES,Accessories
Chrome Hearts,Black,Blc Round shape,,400,1,FRAMES,Accessories
Chrome Hearts,Black,Blc square half frame,,400,1,FRAMES,Accessories
Gucci,Black,blac&brown square,,280,1,FRAMES,Accessories
Gucci,Black,Blc square half frame,,395,1,FRAMES,Accessories
Marc jacobs,Green,Green Thick rectangular frame,,180,2,FRAMES,Accessories
Moscot,Black,Black&grey square frame,,200,1,FRAMES,Accessories
Moscot,Brown,Brown Rectangular shaped frame,,200,1,FRAMES,Accessories
Moscot,Brown,Brown&light green round shaped frame,,280,1,FRAMES,Accessories
Moscot,Blue,Light blue square shaped frame,,200,1,FRAMES,Accessories
Moscot,Grey,Grey square shaped,,200,1,FRAMES,Accessories
Prada,Blue,Blue rectangular cat-eye,,300,1,FRAMES,Accessories
Prada,Blue,Blue rectangular with logo,,300,1,FRAMES,Accessories
Prada,Grey,Grey rectangular with logo,,320,1,FRAMES,Accessories
David becham,Black,Black square frame,,150,1,FRAMES,Accessories
Off white,Black,black thick square frame,,420,1,FRAMES,Accessories
Thom brown,Brown,brown rectangular frame,,500,1,FRAMES,Accessories
POLO,blue&white,Skyeblue &white stripes,,0,1,SHIRTS,Men's Fashion
Thom Browne,White,white with polo designs,,0,1,SHIRTS,Men's Fashion
Moncler,White,1952 design,,0,1,SHIRTS,Men's Fashion
Thom Browne,Blue-black,Plain tshirt,,0,1,SHIRTS,Men's Fashion
Gucci,Brown/grey,FASHION design,,0,1,SHIRTS,Men's Fashion
Gucci,skyeblue&white,,,0,2,SHIRTS,Men's Fashion
Gucci,Grey,flower design,,0,1,SHIRTS,Men's Fashion
Gucci,Black,red rose flower,,0,1,SHIRTS,Men's Fashion
Givenchy,Black,Red lips,,0,1,SHIRTS,Men's Fashion
Y3,Black,,,0,1,SHIRTS,Men's Fashion
Alexander Macqueen,White,arm belt desihn,,0,1,SHIRTS,Men's Fashion
Neil Barrett,Black,Star design,,0,1,SHIRTS,Men's Fashion
Dsq,Denim,,xxl,0,1,SHIRTS,Men's Fashion
Dsq,Denim,Denim with writings,xl,0,1,SHIRTS,Men's Fashion
Dsq,Denim,Dark grey/black denim,xxl,0,1,SHIRTS,Men's Fashion
Moncler,,Pour homme,,220,0,PERFUMES,Grooming & Fragrance
Prada,,Luna Rossa,,180,1,PERFUMES,Grooming & Fragrance
Valentino,,Born in Roma black,,100,1,PERFUMES,Grooming & Fragrance
Ferragamo,,Intense Leather,,200,1,PERFUMES,Grooming & Fragrance
Dunhill,,Icon Racing,,120,1,PERFUMES,Grooming & Fragrance
Narciso Rodriguez Bleu nouir,,for him,,150,1,PERFUMES,Grooming & Fragrance
Narciso Rodriguez Noir,,,,150,0,PERFUMES,Grooming & Fragrance
Zadig& voltaire,,This is him,,120,1,PERFUMES,Grooming & Fragrance
Valentino,,Born in roma brown,,150,1,PERFUMES,Grooming & Fragrance
Curve,,Black,,100,1,PERFUMES,Grooming & Fragrance
Cartier,,Pasha de catier,,0,1,PERFUMES,Grooming & Fragrance
Ralph Lauren,,The Polo Black Bear,,0,1,PERFUMES,Grooming & Fragrance
Bilionaire,Shades of BlueBlack,Navy/blue stripes/crest,m,250,1,POLOS,Men's Fashion
Berluti,white,polo badge,xl,400,1,POLOS,Men's Fashion
Burbbery,Navy blue,Red polo,xxl,350,1,POLOS,Men's Fashion
Burbbery,White,Orange crest,xxl,325,2,POLOS,Men's Fashion
Burbbery,Black,cloud/Rain/Rainbow crest,xl,250,2,POLOS,Men's Fashion
Burberry,black,Playboy logo,xxl,295,1,POLOS,Men's Fashion
Burbery,Grey,Simple TB,xxl,295,1,POLOS,Men's Fashion
Burbery,khaki/cheque/blk,,xl,320,1,POLOS,Men's Fashion
Fendi,Black,Red logo sign,xl,325,1,POLOS,Men's Fashion
Moncler,Red,chest crest,xl,220,1,POLOS,Men's Fashion
Moncler,white,pocket logo arm,xxl,220,1,POLOS,Men's Fashion
Moncler,Black,US Star chest,,220,1,POLOS,Men's Fashion
Moncler,Navy blue,Red polo,s,220,1,POLOS,Men's Fashion
Dior,Grey,love crest logo,xxl,450,1,POLOS,Men's Fashion
Dior,white,Elephant crest logo,,450,1,POLOS,Men's Fashion
Dior,Black,colored bees,m,350,1,POLOS,Men's Fashion
Louis Vuitton,Skye Blue,,xl,400,1,POLOS,Men's Fashion
Louis Vuitton,Skye Blue,,l,400,1,POLOS,Men's Fashion
Louis Vuitton,White&Red,,l,550,1,POLOS,Men's Fashion
Gucci,White,Red flag pocket,xxl,350,1,POLOS,Men's Fashion
Gucci,Black,Red flag pocket,xxl,350,1,POLOS,Men's Fashion
Gucci,Black,G logo,m/l,250,1,POLOS,Men's Fashion
Versace,Black,Gold thread on polo,l,280,1,POLOS,Men's Fashion
Versace,Black,gold embroidery medusa,xl,400,1,POLOS,Men's Fashion
Balsedarini,wine,cashmere,xxxl,390,1,POLOS,Men's Fashion
Zegna,Blck,Zip simple,l,250,1,POLOS,Men's Fashion
Zegnan,Olive green,,2xl,180,1,POLOS,Men's Fashion
Loewe,Blue stripes/logo,,xl,280,1,POLOS,Men's Fashion
Loewe,Blue stripes/logo,,l,280,1,POLOS,Men's Fashion
Valentino,camo multicolor,,m/l,300,1,POLOS,Men's Fashion
Prada,Skyblue,small crest,xl,325,2,POLOS,Men's Fashion
Prada,Grey,sky blue polo,xl,250,1,POLOS,Men's Fashion
Dsq,Navy,top to bottom logo,m,250,1,POLOS,Men's Fashion
Marcelo Bulon,blk,Wings shoulder,xl,260,1,POLOS,Men's Fashion
Givenchy,Black,design at arms,s,250,1,POLOS,Men's Fashion
Boss,Grey,simple crest chest,xl,180,1,POLOS,Men's Fashion
YSL,Black,3badges,xl,325,1,POLOS,Men's Fashion
YSL,Black,white trimming,,295,1,POLOS,Men's Fashion
Lesaund,Black,Loafers,41,250,1,SHOES,Men's Fashion
Timberland,Brown,Sneekers,45,250,1,SHOES,Men's Fashion
Burberry,,Check Sneekers,44,650,1,SHOES,Men's Fashion
Billionaire,Black,Sneeekers,43,700,1,SHOES,Men's Fashion
Prada,Black,Brogues,44,950,1,SHOES,Men's Fashion
Ferragamo,,work shoes,42,600,1,SHOES,Men's Fashion
Todds,,Chuky Brogues,45,790,1,SHOES,Men's Fashion
Amiri,,Sneekers,43,650,1,SHOES,Men's Fashion
Roberto Cavali,,Slides X,44,400,1,SHOES,Men's Fashion
Roberto Cavali,,Slides X,46,400,1,SHOES,Men's Fashion
Bottega,creame,leather shoe,40,680,1,SHOES,Men's Fashion
Bottega,Creame,Suede shoe,41,550,1,SHOES,Men's Fashion
Givenchy,,Star Slides,43,280,1,SHOES,Men's Fashion
Philip plein,Black,sneakers,43,450,1,SHOES,Men's Fashion
Amiri,White,Bone sneakers,45,650,1,SHOES,Men's Fashion
Amiri,Black,Sneekers,44,700,1,SHOES,Men's Fashion
Valentino,White,High lips,44,800,1,SHOES,Men's Fashion
Berluti,,Moc crocs sneakers,45,950,1,SHOES,Men's Fashion
Martine Rose,Black,Half Shoe,44,550,1,SHOES,Men's Fashion
Balenciaga,Black,Foot Slides,44,650,1,SHOES,Men's Fashion
Billionaire,,X slides,45,650,1,SHOES,Men's Fashion
Bruno Cuccinelli,Black/brown,sneekers,43,900,1,SHOES,Men's Fashion
Prada,,Moc Crocs slides,44.5,700,1,SHOES,Men's Fashion
Bottega Veneta,Black,loafers,44,550,1,SHOES,Men's Fashion
McQueen,,Shidded leather slides,44,450,1,SHOES,Men's Fashion
Ferragamo,,Daddy Skin shoe,45,600,1,SHOES,Men's Fashion
Balenciaga,,Rubber Sneakers,43,600,1,SHOES,Men's Fashion
Dior,Black/white,Sole sneakers,43,750,1,SHOES,Men's Fashion
MCm,Black,Buckle Slides,43,450,1,SHOES,Men's Fashion
Pacciotti,Brown,Moc Crocs Sneakers,44,350,1,SHOES,Men's Fashion
Bottega Veneta,Black,Thongs,44,400,1,SHOES,Men's Fashion
Bottega Veneta,Red,Thongs,43,400,1,SHOES,Men's Fashion
Dior,Black,CD leather slides,43,950,1,SHOES,Men's Fashion
TB,Black,Leather slides,45,750,1,SHOES,Men's Fashion
Gucci,Black,GG Slides,44,350,1,SHOES,Men's Fashion
Thome Brown,,Thong flip flop,42,210,1,SHOES,Men's Fashion
Palm Angels,,V/Lowe Slides,43,150,1,SHOES,Men's Fashion
Loubouton,,Rubber X Slides,44,450,1,SHOES,Men's Fashion
Roberto Cavali,,X leather slides,44,400,1,SHOES,Men's Fashion
Balenciaga,,Studded Slides,44,900,1,SHOES,Men's Fashion
Roberto Cavali,,X leather slides,43,400,1,SHOES,Men's Fashion
McQueen,,Sole studded slides,44,400,1,SHOES,Men's Fashion
Fendi,,Thongs Flip flop,44,220,1,SHOES,Men's Fashion
Valentino,Black,VLTN Slides,45,550,1,SHOES,Men's Fashion
D&G,Black,DG toe slides,44,350,1,SHOES,Men's Fashion
Prada,,Yelloe whale slides,43,270,1,SHOES,Men's Fashion
Fendi,Blk/Brown,Thongs,44,310,1,SHOES,Men's Fashion
Fendi,Red,Chunky Slides,44,450,1,SHOES,Men's Fashion
Tods,Blue,Rubber Slides,44,250,1,SHOES,Men's Fashion
Versace,,Medusa Slides,43,350,1,SHOES,Men's Fashion
Wolfe,Blue,Rubber slides,45,180,1,SHOES,Men's Fashion
Burberry,,Plain Slides,44,380,1,SHOES,Men's Fashion
Jordan,Orange,Half Shoe,44,110,1,SHOES,Men's Fashion
DG,,King/Crown Slides,44,280,1,SHOES,Men's Fashion
Dsquared,Black,Icon Slides,44,220,1,SHOES,Men's Fashion
McQueen,Black,graffith,44,360,1,SHOES,Men's Fashion
Dsquared,,SQUAred Slides,43,220,1,SHOES,Men's Fashion
Roberto Cavali,White,sneekers,44,550,1,SHOES,Men's Fashion
Loewe,,X Sandals/stap,43,750,1,SHOES,Men's Fashion
Loewe,Navy,L sneakers,44,875,1,SHOES,Men's Fashion
Bottega Veneta,,X weave slides,45,650,1,SHOES,Men's Fashion
Bottega Veneta,,X weave slides,,650,1,SHOES,Men's Fashion
Marcelo Burlon,,Feather slides,44,180,1,SHOES,Men's Fashion
Fendi,White,FF sneakers,45,650,1,SHOES,Men's Fashion
Fendi,Black,Ruber slides,44,310,1,SHOES,Men's Fashion
Toga Vinlis,Black,Slides,44,350,1,SHOES,Men's Fashion
Nautica,Blue,Crocs,44,80,1,SHOES,Men's Fashion
Versace,White,Sneakers,44,650,1,SHOES,Men's Fashion
New Balance,creame,Sneakers,45,180,1,SHOES,Men's Fashion
FENTY/Adidas,,Sneakers,43,180,1,SHOES,Men's Fashion
Balenciaga,,Languages slides,44,350,1,SHOES,Men's Fashion
Prada,,Chunky Loafers,42,1100,1,SHOES,Men's Fashion
Calvin Klein,,half shoe mules,44,110,1,SHOES,Men's Fashion
Dsquared,Blue,slides,43,220,1,SHOES,Men's Fashion
Balenciaga,,Tyre Slides,44,550,1,SHOES,Men's Fashion
Puma,,Half shoe,45,0,1,SHOES,Men's Fashion
Ferragamo,,Chunky Light,42,850,1,SHOES,Men's Fashion
Bottega,,Dress Shoe,45.5,950,1,SHOES,Men's Fashion
Rick Owen,,Half shoe,45,450,1,SHOES,Men's Fashion
Maison Margiela,,Toe Shoe,45,650,1,SHOES,Men's Fashion
Dior,,Quilted leather shoes,45,950,1,SHOES,Men's Fashion
Loubouton,Blue,Sneakers,42,800,1,SHOES,Men's Fashion
Fendi,Brown,FF design Brown velvet,S,220,1,SHORTS,Men's Fashion
Off-white,Black,OFF design,L,230,1,SHORTS,Men's Fashion
D&G,Green,Jungle green short,xl,180,1,SHORTS,Men's Fashion
Polo club,Navy/white short,POLOCLUB& US flag,2xl,60,1,SHORTS,Men's Fashion
Springfield,Blue,Flower shorts,2xl,40,1,SHORTS,Men's Fashion
Springfield,Blue,Lemon & Orange short,xl,40,1,SHORTS,Men's Fashion
Berkley Jensen,Blue,Shark Shorts,2xl,60,1,SHORTS,Men's Fashion
Springfield,Blue,tree bicycle umbrella design,L,40,1,SHORTS,Men's Fashion
D&G,Black&white,,xl,260,1,SHORTS,Men's Fashion
Prada,Black,018 logo Shorts,L,220,1,SHORTS,Men's Fashion
Armani exchange,Skyblue,Anchor Shorts,,60,1,SHORTS,Men's Fashion
D&G,Black,Black nylon shorts with DG logo,M,220,1,SHORTS,Men's Fashion
Prada,Black,Red Prada logo shorts,Xl,180,1,SHORTS,Men's Fashion
Givenchy,Black,Givenchy black boxer shorts,L,210,1,SHORTS,Men's Fashion
Gucci,Red,Red jogger shorts,xl,260,1,SHORTS,Men's Fashion
Dior,White,Dior logo,xl,320,1,SHORTS,Men's Fashion
D&G,Black&white,with d&g color,xl,260,1,SHORTS,Men's Fashion
Lacoste live,Grey,croc logo shorts,L,70,1,SHORTS,Men's Fashion
Thome Brown,Grey,3 stripes Shorts,S,650,1,SHORTS,Men's Fashion
Thome Brown,Grey,plain with Zip on the sides,m,650,2,SHORTS,Men's Fashion
Kenzo,Army green,Tiger head,L,180,1,SWEATERS,Men's Fashion
Burberry,Brown,Brown white&black stripe sweater,M,380,1,SWEATERS,Men's Fashion
Kenzo,Green,Tigers sweater,2XL,180,1,SWEATERS,Men's Fashion
Thome Brown,SkyeBlue,TB Hoodie,L,600,1,SWEATERS,Men's Fashion
Thome Brown,SkyeBlue,TB Hoodie,M,600,1,SWEATERS,Men's Fashion
Neil Barrett,Green&Brown camo,,XL,280,1,SWEATERS,Men's Fashion
Dsquared2,Navy Blue,Ball design sweater,XL,350,1,SWEATERS,Men's Fashion
Alexander MCQueen,Grey,Vneck McQ Sweater,L,790,1,SWEATERS,Men's Fashion
Givenchy,Grey,Stars Sweaters,L,550,1,SWEATERS,Men's Fashion
Moncler,Grey,Plain with moncler pocket,XL,0,1,SWEATERS,Men's Fashion
Mercelo Burlon,Blue/Grey,JKT sweater,,600,1,SWEATERS,Men's Fashion
Casablanca,Multicolor,jacket,,980,1,SWEATERS,Men's Fashion
Diesel,Black,Embroidery jacket,,250,1,SWEATERS,Men's Fashion
Balenciaga,grey,Denim jacket,,950,1,SWEATERS,Men's Fashion
Valentino,Army Green,Studded jacket,,700,1,SWEATERS,Men's Fashion
Fendi,Black,Fendi sweat top,,550,1,SWEATERS,Men's Fashion
Off-White,Blue,denim shirt,L,450,1,SWEATERS,Men's Fashion
Prada,Red,Windbreaker,,400,1,SWEATERS,Men's Fashion
Louis Vuitton,Camo,Windbreaker,,800,1,SWEATERS,Men's Fashion
Fendi,Black,Tracksuit top,,600,1,SWEATERS,Men's Fashion
Fendi,Green,Hoodie,,750,1,SWEATERS,Men's Fashion
D&G,Black&white,jacket,,1100,1,SWEATERS,Men's Fashion
Burberry,Grey,Tracksuit,,800,1,SWEATERS,Men's Fashion
Off-White x Moncler,Black,Hoodie,,350,1,SWEATERS,Men's Fashion
Amiri,Black,Hoodie,,880,1,SWEATERS,Men's Fashion
Burberry,Blue,SW1 denim jacket,,850,1,SWEATERS,Men's Fashion
Dsq,Blc,white paint dsq on crest,M,0,1,TSHIRTS,Men's Fashion
Dsq,blc ICON,ICOn all blc,5xl,320,1,TSHIRTS,Men's Fashion
Dsq,blc,Dean&Dan Caten in( red badge),S,0,1,TSHIRTS,Men's Fashion
Dsq,Blc,Icon in silver stone,S,0,1,TSHIRTS,Men's Fashion
Dsq,Blc,Icon in silver stone,2XL,0,1,TSHIRTS,Men's Fashion
Dsq,Blc,Icon printed on crest,S,220,1,TSHIRTS,Men's Fashion
Dsq,White,Adventure is calling,M,250,1,TSHIRTS,Men's Fashion
Dsq,White,Here comes the sun,L,250,1,TSHIRTS,Men's Fashion
Dsq,White,DSQUARED writtenacross 2 arms,2xl,220,1,TSHIRTS,Men's Fashion
Dsq,White,Dean Canteen with fire tree,xl,0,1,TSHIRTS,Men's Fashion
Dsq,Grey,Dsquared in white &red,S,0,1,TSHIRTS,Men's Fashion
Dsq,Blc,Icon Forever,M,225,1,TSHIRTS,Men's Fashion
Dsq,Blue,BIG D,M,220,1,TSHIRTS,Men's Fashion
dsq,Blc,ICON STONES,M,0,1,TSHIRTS,Men's Fashion
Dior,Red,CD Dior Homme,l,320,1,TSHIRTS,Men's Fashion
Dior,Grey,CD Plain,xl,350,1,TSHIRTS,Men's Fashion
Dior,Grey,CD Plain,xl,350,1,TSHIRTS,Men's Fashion
Dior,Blck,Love logo crest,xl,400,1,TSHIRTS,Men's Fashion
Dior,Blck,Chri dior Atelier paris,L,280,1,TSHIRTS,Men's Fashion
Dior,Blck,grey cross bag design,l,360,1,TSHIRTS,Men's Fashion
Dior,White,dior desing front plain pocket&back,,0,0,TSHIRTS,Men's Fashion
D&G,blk/yellow,paint baroque,2xl,750,0,TSHIRTS,Men's Fashion
Amiri,blk/yellow,AM logo,,330,0,TSHIRTS,Men's Fashion
Marcelo Burlon,blk,red feathers,2xl,260,1,TSHIRTS,Men's Fashion
Casablanca,navy,Roman Head,L,280,1,TSHIRTS,Men's Fashion
Rhude,white,new money,m,240,0,TSHIRTS,Men's Fashion
Casablanca,white,face/tennis drawing,xl,280,0,TSHIRTS,Men's Fashion
Casablanca,navy,tennis/face/Building,l,280,1,TSHIRTS,Men's Fashion
Amiri,blue,Adire hearts,xl,250,1,TSHIRTS,Men's Fashion
Casablanca,blk,Oranges bowl,xl,250,0,TSHIRTS,Men's Fashion
Hermes,orange,horse head,xl,525,1,TSHIRTS,Men's Fashion
Balmain,blk,Gold stone design,xl,480,1,TSHIRTS,Men's Fashion
Louis vuiton,Brown,Trunk sweat,xl,550,0,TSHIRTS,Men's Fashion
Amiri,blk,Sword/heart/A Logo,2xl,280,1,TSHIRTS,Men's Fashion
Balmain,Army green,Avengers,xl,350,1,TSHIRTS,Men's Fashion
Casablanca,blk,beach house/palms,s/m,280,1,TSHIRTS,Men's Fashion
Amiri,blk,airlines/love In d air,m/l,250,1,TSHIRTS,Men's Fashion
versace,white,Tiger/sequence,3xl,450,1,TSHIRTS,Men's Fashion
Prada,white,Anchor/Triangle,2xl,350,1,TSHIRTS,Men's Fashion
D&G,White,Bandana,2xl,400,1,TSHIRTS,Men's Fashion
D&G,Blk,DG ropes,4x,400,1,TSHIRTS,Men's Fashion
D&G,Blk,DG ropes,xl,400,1,TSHIRTS,Men's Fashion
D&G,Blk,Pin at neck,,350,1,TSHIRTS,Men's Fashion
Loewe,Blk,Monster in pocket,,280,1,TSHIRTS,Men's Fashion
YSL,Blk,Saint laurent sense,4xl,495,1,TSHIRTS,Men's Fashion
Thome Browne,white/blue,Long tee,,380,1,TSHIRTS,Men's Fashion
Balmain,blk,Gold stone design,m,480,1,TSHIRTS,Men's Fashion
MCQ,white,Swallow&badges,L,250,1,TSHIRTS,Men's Fashion
Moncler,orange,white paint logo,L/xl,240,1,TSHIRTS,Men's Fashion
versace,blk,versace logo scale,m,280,1,TSHIRTS,Men's Fashion
Louis vuiton,Navy,LV love logo,l,450,1,TSHIRTS,Men's Fashion
Steffano ricci,Blk,Eagle/crest,l,550,1,TSHIRTS,Men's Fashion
Valentino,white,Drawings Cities,xl,280,1,TSHIRTS,Men's Fashion
Versace,blk,versace leather,m/l,280,1,TSHIRTS,Men's Fashion
Burberry,blk,burbery,l,300,1,TSHIRTS,Men's Fashion
Louis vuiton,Blk,Teddy/Field/wine,m/l,350,1,TSHIRTS,Men's Fashion
Givenchy,Blk,Givenchy logo,l,320,1,TSHIRTS,Men's Fashion
Givenchy,blk,4star back/front,m/l,350,1,TSHIRTS,Men's Fashion
Casablanca,white,CASASport,m/l,280,1,TSHIRTS,Men's Fashion
Mcq,blk,drawings/flowers/dresses,xl,250,1,TSHIRTS,Men's Fashion
versace,multicolor,Desert/medusa,xl,275,1,TSHIRTS,Men's Fashion
D&G,Blk,DG arrows,s/m,220,1,TSHIRTS,Men's Fashion
D&G,Blk,Vneck/plaque,l,450,1,TSHIRTS,Men's Fashion
AJ Armani,Blk,Logo chest,,90,1,TSHIRTS,Men's Fashion
Valentino,Blk,VLTN logo,m/l,220,1,TSHIRTS,Men's Fashion
D&g,,DG Heaven,m,220,1,TSHIRTS,Men's Fashion
MCQ,white,Skull/Flowers,m/l,250,1,TSHIRTS,Men's Fashion
Fendi,Blk,FF roma circle logo,2xl,220,1,TSHIRTS,Men's Fashion
Moschino,multicolor,Beach bar,xl,200,1,TSHIRTS,Men's Fashion
Steffano ricci,Red,3 tigers,,450,0,TSHIRTS,Men's Fashion
Christian Dior,White,CD logo/pocket,L,350,1,TSHIRTS,Men's Fashion
Loius Vuiton,Black,Triangle logo velvet,L,320,1,TSHIRTS,Men's Fashion
McQueen,Black,Blue Mcqueen font,L/XL,250,1,TSHIRTS,Men's Fashion
Celine,Black,Plain with logo a t bottom left,m,250,1,TSHIRTS,Men's Fashion
Palm Angels,White,University circle logo,L,220,1,TSHIRTS,Men's Fashion
Balenciaga,White,Zip/tag Print,s/m,260,1,TSHIRTS,Men's Fashion
Fendi,White,FF logo blue pocket area,l,280,1,TSHIRTS,Men's Fashion
Thome Browne,blue,Lim edition tennis shirt,,550,1,TSHIRTS,Men's Fashion
Burberry,Brown,Weshood/rainforest,M,260,1,TSHIRTS,Men's Fashion
Moncler,White,Hello Haters,,180,1,TSHIRTS,Men's Fashion
Palm Angels,White,Stars Print,Xl,220,1,TSHIRTS,Men's Fashion
Giorgio Armani,Black,GA Crest,xl,220,1,TSHIRTS,Men's Fashion
Valentino,Grey,Red/blue lenses,xl,220,1,TSHIRTS,Men's Fashion
Versace,Red/lime green,Medusa head logo,xl,400,1,TSHIRTS,Men's Fashion
Balenciaga,Black,Sumpsons Gothic,m,260,1,TSHIRTS,Men's Fashion
Amiri,White,Airlines Love in Air,xl,250,1,TSHIRTS,Men's Fashion
Valentino,white,logo in circle,xl,260,1,TSHIRTS,Men's Fashion
Burbbery,Blue/black,Horseman print,,280,1,TSHIRTS,Men's Fashion
D&G,Navu blue,Anchor DG logo,xl,295,1,TSHIRTS,Men's Fashion
Larvin,Navy blue,lawn weave logo,m/l,220,1,TSHIRTS,Men's Fashion
Valentino,White,VLTN with star,xl,240,1,TSHIRTS,Men's Fashion
D&G,,DG star all over/STAR,xl,220,1,TSHIRTS,Men's Fashion
Off-White,White,DJ graytilt back,m/xl,325,1,TSHIRTS,Men's Fashion
Fendi,Black,fendi fendi/eyes/crown,L,250,0,TSHIRTS,Men's Fashion
BAlmain,Black,Meltalica Paint logo,m/l,350,0,TSHIRTS,Men's Fashion
D&G,White,DG Stars/Gold,xl,260,1,TSHIRTS,Men's Fashion
D&G,White,DG one big Star,xl,260,1,TSHIRTS,Men's Fashion
D&G,White,DG Stripe across/crest,xl,250,1,TSHIRTS,Men's Fashion
Karl Largafield,White,KARL/KARL,2xl,180,1,TSHIRTS,Men's Fashion
Kenzo,Yellow,EYE Love Kenzo,2xl,150,1,TSHIRTS,Men's Fashion
Balenciaga,Navy Blue,Xrated logo,XL,240,1,TSHIRTS,Men's Fashion
Balmain,Black,Mountains/Trees,xl,320,1,TSHIRTS,Men's Fashion
Moschino,White,Red/Yellow/BlueSq logo,2xl,180,0,TSHIRTS,Men's Fashion
McQueen,White,AMQ Flowers,2xl,250,1,TSHIRTS,Men's Fashion
Celine,White,Blue neck logo,m/l,240,1,TSHIRTS,Men's Fashion
D&G,white/black,Bandana shirt,L,450,1,TSHIRTS,Men's Fashion
McQueen,White,Skull/Flowers,L,250,1,TSHIRTS,Men's Fashion
Marcelo Burlon,White,Ali eyes,xl,250,0,TSHIRTS,Men's Fashion
Marcello Burlon,Black,Matrix Design,m/l,220,1,TSHIRTS,Men's Fashion
Givenchy,White,G Back,xl,350,0,TSHIRTS,Men's Fashion
Amiri,White,Arrows design,s/m,260,1,TSHIRTS,Men's Fashion
D&G,White,Music Design,xl,0,1,TSHIRTS,Men's Fashion
Lanin,White,Batman Pic@ back,L,260,1,TSHIRTS,Men's Fashion
McQueen,Black,PhyscoBilly,m/l,150,1,TSHIRTS,Men's Fashion
Prada,White,Dog robot pradamala,xl,260,1,TSHIRTS,Men's Fashion
McQueen,White,2 skull design,xl,250,0,TSHIRTS,Men's Fashion
Valentino,white,Vatican city dream,L,250,1,TSHIRTS,Men's Fashion
Steffano Ricci,Black,SR tshirt,xl,450,1,TSHIRTS,Men's Fashion
Balmain,Black,Beach/Trees,3xl,280,1,TSHIRTS,Men's Fashion
Celine,Black,Celine C logo,xl,260,1,TSHIRTS,Men's Fashion
Gucci,Black,Boy/cat madcookie,L,220,1,TSHIRTS,Men's Fashion
Billionaire,Grey,Members only round logo tshirt,L,180,1,TSHIRTS,Men's Fashion
Balenciaga,Navy blue,bb gothic logo,m/l,280,1,TSHIRTS,Men's Fashion
Moschino,,cassette/stereo moht,xl,180,1,TSHIRTS,Men's Fashion
Versace,,Jeans couture blue logo,L,180,1,TSHIRTS,Men's Fashion
D&G,White,Art inspired senses logo,L,0,1,TSHIRTS,Men's Fashion
Gucci,Creame,Donald Duck logo,m,0,1,TSHIRTS,Men's Fashion
Prada,Black,Pocket logo+ tshirt,xl,450,1,TSHIRTS,Men's Fashion
Nike,Grey,Fear of God,2xl,180,0,TSHIRTS,Men's Fashion
Moncler,Gey,Simple/small logo,,0,0,TSHIRTS,Men's Fashion
Fendi,White,FF moht all over,m,280,1,TSHIRTS,Men's Fashion
Steffano ricci,White,Eagle embroidry,xl,550,1,TSHIRTS,Men's Fashion
Valentino,Grey,VLTN point,L,0,1,TSHIRTS,Men's Fashion
D&G,white,Blue middle stripe/DG,xl,300,1,TSHIRTS,Men's Fashion
D&G,Skyeblue,logo tshirt,L,250,1,TSHIRTS,Men's Fashion
Palm Angels,,offwhite (love) logo,m,220,0,TSHIRTS,Men's Fashion
Valentino,white,2099,l,180,0,TSHIRTS,Men's Fashion
Givenchy,White,Orange design,2xl,250,0,TSHIRTS,Men's Fashion
Dsquared,Grey,3logo stripe shirt,s/m,180,0,TSHIRTS,Men's Fashion
Moschino,Black,Knight on horse,xl,200,1,TSHIRTS,Men's Fashion
Valentino,Grey,VLTN silver,s/m,180,1,TSHIRTS,Men's Fashion
Saint Lauren,Black,Redlips tshirt,l,280,1,TSHIRTS,Men's Fashion
Fendi,Navy blue,fendi tshirt,xxl,250,0,TSHIRTS,Men's Fashion
Moschino,White,King of cloths,L,180,1,TSHIRTS,Men's Fashion
Balmain,,Truth not yours,m,280,1,TSHIRTS,Men's Fashion
Louis vuiton,White,Kansas back,l,250,1,TSHIRTS,Men's Fashion
D&G,,Royal tiggers,s,150,1,TSHIRTS,Men's Fashion
Philip plein,Black,Black studded skul,s,425,1,TSHIRTS,Men's Fashion
Celine,Yellow,Teeth design shirt,xl,250,1,TSHIRTS,Men's Fashion
Philip plein,White,Stoned Skul shirt,l,450,1,TSHIRTS,Men's Fashion
Neil Barrett,White,Lightning studa tshirt,l,250,1,TSHIRTS,Men's Fashion
Balmain,White,Mount balmain tshirt,L,280,1,TSHIRTS,Men's Fashion
McQueen,Black,Skul tshirt,L,250,1,TSHIRTS,Men's Fashion
D&G,Black,Tropical trees,m,180,1,TSHIRTS,Men's Fashion
BAlmain,Army green,Dangerous tshirt,xl,300,1,TSHIRTS,Men's Fashion
D&G,Black,Royal tshirt,l,250,1,TSHIRTS,Men's Fashion
Moncler,Black,2crest tshirt,xl,220,1,TSHIRTS,Men's Fashion
Billionaire,grey,Circle logo,l,180,1,TSHIRTS,Men's Fashion
Moncler,Red,Moncler logo,m,220,1,TSHIRTS,Men's Fashion
Palm Angels,Black,black (love) logo,xl,220,1,TSHIRTS,Men's Fashion
Burberry,Embroided design TB shirt,,L,250,1,TSHIRTS,Men's Fashion
D&G,,D&G all over tshirt,m,250,2,TSHIRTS,Men's Fashion
Marcello Burlon,Grey,Ali's tshirt,xl,220,1,TSHIRTS,Men's Fashion
D&G,,Royal tiger tshirt,xl,150,1,TSHIRTS,Men's Fashion
YSL,black,Sequenced tshirt,3xl,450,1,TSHIRTS,Men's Fashion
Celine,Black,Plain logo tshirt,l,280,1,TSHIRTS,Men's Fashion
D&G,Black,L'Amore tshirt,m,150,1,TSHIRTS,Men's Fashion
D&G,White,Love Panda,L,200,1,TSHIRTS,Men's Fashion
Marcelo Burlon,Black,country of milan,s,0,1,TSHIRTS,Men's Fashion
Celine,White,Wiltery theatre los angeles,s,0,1,TSHIRTS,Men's Fashion
Steffano ricci,white,eagle SR tshirt,xl,0,2,TSHIRTS,Men's Fashion
Steffano ricci,Black,Eagle head tshirt,L/m,0,2,TSHIRTS,Men's Fashion
Marcelo Burlon,Black,country of milan,m,0,1,TSHIRTS,Men's Fashion
D&G,White,Love Panda,2xl,200,1,TSHIRTS,Men's Fashion
Neil Barrett,White,Rainbow(in stones),m,200,1,TSHIRTS,Men's Fashion
Versace,Yellow,Medusa tshirt,m,250,1,TSHIRTS,Men's Fashion
Fendi,white,fendi roma all over,3xl,300,1,TSHIRTS,Men's Fashion
D&G,Blue,Orange/Flowers,L,350,0,TSHIRTS,Men's Fashion
D&G,Black,Yellow cars tshirt,L,250,1,TSHIRTS,Men's Fashion
McQueen,Black,Big skull in middle,m/l,0,1,TSHIRTS,Men's Fashion
McQueen,White,Big skull in middle,l,0,1,TSHIRTS,Men's Fashion
Balmain,Black,Paris 44 Rue/balmain logo,,0,1,TSHIRTS,Men's Fashion
Balmain,Black,brown scattered painting,,0,1,TSHIRTS,Men's Fashion
Moncler,Grey,Moncler logo on pocket,,0,1,TSHIRTS,Men's Fashion
Moncler,White,Anime in front,,0,1,TSHIRTS,Men's Fashion
Amiri,Black,M in rings with color white,,0,1,TSHIRTS,Men's Fashion
Valentino,Black,Wholly valentino in white wool,,0,1,TSHIRTS,Men's Fashion
Givenchy,White,Red&black stripe design,,0,1,TSHIRTS,Men's Fashion
Steffano Ricci,White,Eagle and anchor design,,0,1,TSHIRTS,Men's Fashion
Fendi,,Fendi in red logo,,0,1,TSHIRTS,Men's Fashion
Givenchy,White,Plain with small g in black,,0,1,TSHIRTS,Men's Fashion
Gucci,green,yellow gucci design with silver studs,,0,1,TSHIRTS,Men's Fashion
Neil Barrett,white,Rainbow in multiple colors,,0,1,TSHIRTS,Men's Fashion
Moschino,white,Multiple color design,,0,1,TSHIRTS,Men's Fashion
Burberry,Black,Multiple color design,,0,1,TSHIRTS,Men's Fashion
Ferragamo,Black,1927 salvatore ferragamo,,0,1,TSHIRTS,Men's Fashion
iceberg,Black,Iceberg with multiple color,,0,1,TSHIRTS,Men's Fashion
Casablanca,Black,Casa logo on chest,,0,1,TSHIRTS,Men's Fashion
Casablanca,White,woman head design,,0,1,TSHIRTS,Men's Fashion
Fendi,,Black with stones,,0,1,WALLETS,Accessories
Modemen,,Wolf eyes,,0,1,WALLETS,Accessories
Paul Smith,Black leather,,,0,1,WALLETS,Accessories
Diesel,,Black industry denim division,,0,2,WALLETS,Accessories
Modemen,,Blue,,0,1,WALLETS,Accessories
Burberry,,Black leather,,0,1,WALLETS,Accessories
Gucci,,Black with bee logo,,0,1,WALLETS,Accessories
Burberry,,Brown leather,,0,1,WALLETS,Accessories
Mont Blanc,,Black leather,,0,1,WALLETS,Accessories
Calvin Klein,,Black leather,,0,1,WALLETS,Accessories
Armani Xchange,AX,,,0,1,WALLETS,Accessories
Armani jeans,AJ,,,0,1,WALLETS,Accessories
Ted Baker,,Brown leather,,0,1,WALLETS,Accessories
Hugo Boss,,Black leathergold metal,,0,1,WALLETS,Accessories
Bottega Venetta,,Blue black lether,,0,1,WALLETS,Accessories
Dunhill,,Black leather,,0,1,WALLETS,Accessories
Tom ford,,Rose,,350,1,PERFUMES,Grooming & Fragrance
Moncler,,,,0,180,PERFUMES,Grooming & Fragrance
Zadig & Voltire,,This is Her,,90,1,PERFUMES,Grooming & Fragrance
Versace,,Bright cristal Absolu,,150,1,PERFUMES,Grooming & Fragrance
Ferragamo,,Signorina,,120,1,PERFUMES,Grooming & Fragrance
Olympiea,,Intense,,120,1,PERFUMES,Grooming & Fragrance
Olympiea,,Solar,,120,1,PERFUMES,Grooming & Fragrance
Olympiea,,Legend,,125,1,PERFUMES,Grooming & Fragrance
MAJESTY,,Nicki minaj,,60,1,PERFUMES,Grooming & Fragrance
First Love,,Victorias Secret,,75,1,PERFUMES,Grooming & Fragrance
D & G,,Light blue love &love,,120,1,PERFUMES,Grooming & Fragrance
Jean Paul Gaultier,,SCANDAL A Paris,,135,1,PERFUMES,Grooming & Fragrance
NARCISO,,for her,,140,1,PERFUMES,Grooming & Fragrance
NARCISSO,,All of me,,140,1,PERFUMES,Grooming & Fragrance
Gucci,,Bloom,,140,1,PERFUMES,Grooming & Fragrance
HUGO BOSS,,Alive Intense,,140,1,PERFUMES,Grooming & Fragrance
D & G,,Devotion,,135,1,PERFUMES,Grooming & Fragrance
MOGLER,,Allien Goddess,,140,1,PERFUMES,Grooming & Fragrance
Paco Rabanne,,FAME,,120,2,PERFUMES,Grooming & Fragrance
RIHANNA,,Rogue Love,,60,1,PERFUMES,Grooming & Fragrance
JIMMY CHO,,I WANT CHO forever,,120,1,PERFUMES,Grooming & Fragrance
JIMMY CHO,,I WANT CHO,,110,1,PERFUMES,Grooming & Fragrance
STALLION,Zimalaya,,,0,1,PERFUMES,Grooming & Fragrance
BANANA Republic,,Peony& Peppercorn,,60,1,PERFUMES,Grooming & Fragrance
Elizabeth Arden,,SUNFLOWER,,40,1,PERFUMES,Grooming & Fragrance
Keneth cole,RSVP,,,0,0,PERFUMES,Grooming & Fragrance
Keneth cole,BLUSH,,,75,1,PERFUMES,Grooming & Fragrance
Beautiful Sheer,,,,90,1,PERFUMES,Grooming & Fragrance
Bonanza Satrangi,Make me blush,,,0,1,PERFUMES,Grooming & Fragrance
MithQal,MithQal EDP,,,0,1,PERFUMES,Grooming & Fragrance
Oak,Statement,,,0,1,PERFUMES,Grooming & Fragrance
CK one,Red edition,,,0,1,PERFUMES,Grooming & Fragrance
Miguel Mara,MM,,,0,0,PERFUMES,Grooming & Fragrance
Sarah Jessica Parker,BORN LOVELY,,,0,1,PERFUMES,Grooming & Fragrance
Christina Aguilera,,No.1 edp,,40,1,PERFUMES,Grooming & Fragrance
DKNY,,Nectar Love,,60,1,PERFUMES,Grooming & Fragrance
Burberry,Garden Roses,,,0,1,PERFUMES,Grooming & Fragrance
Guerlain,La letite Kobe noine,,,0,2,PERFUMES,Grooming & Fragrance
Bvgari Ladies,Oval Brown,,,300,1,FRAMES,Accessories
Chopard,Silver,Sq /Heart,,320,1,FRAMES,Accessories
Gucci,Oval Blk / green,,,220,1,FRAMES,Accessories
Gucci,Brown,Sq/ GG,,220,1,FRAMES,Accessories
Loewe,Green,Hexagon,,0,120,FRAMES,Accessories
El Hardy,Brown / Dragons,,,150,1,FRAMES,Accessories
Chanel,Black,big rectangular light,,380,1,FRAMES,Accessories
Chanel,Brown,square turtleshell,,380,1,FRAMES,Accessories
Gucci,Black,cat eye,,320,1,FRAMES,Accessories
Gucci,Black,square with gold logo,,350,1,FRAMES,Accessories
Fendi,Light gold,with oval shape,,400,1,FRAMES,Accessories
Jimmy Choo,Black,cat-eye with crystals,,260,1,FRAMES,Accessories
Loius Vuitton,Light gold,aviator,,450,1,FRAMES,Accessories
Prada,white,square,,350,1,FRAMES,Accessories
D&G,Brown,love & crown,,550,1,SUNGLASSES,Accessories
D&G,Blue,love & crown,,550,1,SUNGLASSES,Accessories
Fendi,Black,Fendegraphy,,450,1,SUNGLASSES,Accessories
Fendi,,Round F lens,,350,1,SUNGLASSES,Accessories
Fendi,,FendinGold Sq/Stones,,400,1,SUNGLASSES,Accessories
Fendi,,One piece Aviators,,350,1,SUNGLASSES,Accessories
Valentino,,Hexagon/Stones,,380,1,SUNGLASSES,Accessories
Gucci,Black,Oversized,,380,1,SUNGLASSES,Accessories
Gucci,Gold,Gold Aviators/pink,,320,1,SUNGLASSES,Accessories
Gucci,Black/red,Sq Blk/Red hands,,320,1,SUNGLASSES,Accessories
Gucci,Green,Butterfly,,350,1,SUNGLASSES,Accessories
Gucci,Black,Round wrap GG,,300,1,SUNGLASSES,Accessories
Dior,White,J'ador,,350,1,SUNGLASSES,Accessories
GentleMonster,Pink,Aviators,,275,1,SUNGLASSES,Accessories
Balenciaga,Black,Square,,325,1,SUNGLASSES,Accessories
Versace,Black,Big Sq/medusa,,350,1,SUNGLASSES,Accessories
Versace,Red,Cateye,,250,1,SUNGLASSES,Accessories
Prada,Black,Square,,380,1,SUNGLASSES,Accessories
Gucci,Gold,Reamless/Gold hands,,325,1,SUNGLASSES,Accessories
Lfarrow/PaccoR,,Big Oval,,200,1,SUNGLASSES,Accessories
Tom Ford,,one piece,,280,1,SUNGLASSES,Accessories
Linda Frame,Black,Wayfarers,,275,1,SUNGLASSES,Accessories
Roberto Cavali,Gold,Oval/Sq,,220,1,SUNGLASSES,Accessories
Dior,Black,'Miss Dior' Sq,,325,1,SUNGLASSES,Accessories
Anna Karin Karlsson,Silver,Crystals/Windscreen/Big rectangle,,550,1,SUNGLASSES,Accessories
Burberry,Yellow,Burberry big yellow rectangle,,220,1,SUNGLASSES,Accessories
Burberry,Black,Burberry Black round Oversized,,240,1,SUNGLASSES,Accessories
Burberry,Blue,Burberry Big blue rectangular lens,,220,1,SUNGLASSES,Accessories
Bvlgari,Black,Bvlgari Round small lens,,350,1,SUNGLASSES,Accessories
Bvlgari,Gold,Bvlgari gold sq/stones arrow,,400,1,SUNGLASSES,Accessories
Bottega Vanetta,Gold/Black/Grey,Bottega Veneta Big oval lens with long-curved hand,,450,1,SUNGLASSES,Accessories
Celine,Ashy Gold,Celine Round small lens,,300,1,SUNGLASSES,Accessories
Celine,Pink,Celine pink Rectangle lens,,220,1,SUNGLASSES,Accessories
C Dior,White,Aviators/Reflectors,,350,1,SUNGLASSES,Accessories
C Dior,White,Aviators white/Silver hands,,350,1,SUNGLASSES,Accessories
Channel,Gold/Grey,Channel round chain,,450,0,SUNGLASSES,Accessories
Channel,Gold/brown,Channel Rectangle/Red hands/Chain,,550,1,SUNGLASSES,Accessories
Channel,Gold,Chanel gold round/brown chain,,450,1,SUNGLASSES,Accessories
Channel,Silver,channel square/chanel pattern,,450,1,SUNGLASSES,Accessories
Channel,Gold,Chanel gold round solid,,500,2,SUNGLASSES,Accessories
Channel,Black,Cateye/white hands,,400,1,SUNGLASSES,Accessories
Channel,Black,Oversized/ Gold chanel logo,,550,1,SUNGLASSES,Accessories
Channel,Gold,Chanel gold round with brown lens,,450,1,SUNGLASSES,Accessories
Channel,Black/gold/silver,Aviators reflectors,,400,1,SUNGLASSES,Accessories
Chloe,Gold,Chloe oval big lens,,280,1,SUNGLASSES,Accessories
D&G,Gold,Aviators/Dg hands,,280,1,SUNGLASSES,Accessories
D&G,Black,D&G rectangle with flower hands,,320,1,SUNGLASSES,Accessories
D&G,Gold,Windscreen,,350,1,SUNGLASSES,Accessories
D&G,Black,Cateye/Gold hand/Dg Stones,,280,1,SUNGLASSES,Accessories
Dior,Silver/multicolor,Oval/Cateye,,280,1,SUNGLASSES,Accessories
Dior,Black/gold/silver,Dior Oval,,350,1,SUNGLASSES,Accessories
Dior,Gold,Hexagon,,350,1,SUNGLASSES,Accessories
Fendi,Brown,Fendi windscreen,,280,1,SUNGLASSES,Accessories
Fendi,Gold,Lens Aviators,,320,1,SUNGLASSES,Accessories
Fendi,White/Gold,Half shape,,280,1,SUNGLASSES,Accessories
Fendi,Brown,Turtleshell Clubmaster/white hands,,220,1,SUNGLASSES,Accessories
Ferragamo,Black,oversized/ Gold hands,,280,1,SUNGLASSES,Accessories
Ferragamo,Black,Cateye turtleshell/gold logo,,260,1,SUNGLASSES,Accessories
Gentle Monster,Black,Cateye Black/Gold hands,,350,1,SUNGLASSES,Accessories
Gentle Monster,Gold,Cateye/Pink lens,,350,1,SUNGLASSES,Accessories
Gucci,Gold/red/blue,Rectangle big screen,,220,1,SUNGLASSES,Accessories
Gucci,Black,Hexagon Big,,380,1,SUNGLASSES,Accessories
Gucci,Black,Oversized/Gold hands & Chain,,500,1,SUNGLASSES,Accessories
Gucci,Brown,Turtleshell Oversized chain,,500,1,SUNGLASSES,Accessories
Gucci,Black,Stones with big rectangle,,450,1,SUNGLASSES,Accessories
Gucci,Black&White,GG round,,220,1,SUNGLASSES,Accessories
Gucci,Gold,Sq big/Chain hands,,280,1,SUNGLASSES,Accessories
Gucci,Gold,Red Shine Hexagon/Gold,,280,1,SUNGLASSES,Accessories
Gucci,White & Gold,Big Round Oversized,,350,1,SUNGLASSES,Accessories
Gucci,Black & Gold,Sq Oversized,,350,1,SUNGLASSES,Accessories
Gucci,Gold,Big Kite/Pink hands,,260,1,SUNGLASSES,Accessories
Gucci,Black,Windscreen/Shield,,380,1,SUNGLASSES,Accessories
Gucci,Gold,Square/Stripe hands,,240,1,SUNGLASSES,Accessories
Gucci,Gold,Small Hexagon/bee hands,,260,1,SUNGLASSES,Accessories
Jimmy Choo,Brown,Oval Shiny brown,,180,1,SUNGLASSES,Accessories
MiuMui,Red,Red Cateye,,180,1,SUNGLASSES,Accessories
Robert Cavali,Black,Cateye,,320,1,SUNGLASSES,Accessories
Robert Cavali,Brown,Cateye Turtleshell,,320,1,SUNGLASSES,Accessories
Saint Lauren,Brown/Gold/Creame,Betty,,355,1,SUNGLASSES,Accessories
Thome Browne,Pink,Round Half/Gold,,550,1,SUNGLASSES,Accessories
Thome Browne,Pink,Windscreen big,,550,1,SUNGLASSES,Accessories
Versace,Gold&White,Aviators,,380,1,SUNGLASSES,Accessories
Valentino,Gold,Hexagon/Yellow lens,,350,1,SUNGLASSES,Accessories
Valentino,Gold,Hexagon light/blue lens,,350,1,SUNGLASSES,Accessories